{
  "feature_names": [
    "mean_radius",
    "mean_texture",
    "mean_perimeter",
    "mean_area",
    "mean_smoothness",
    "mean_compactness",
    "mean_concavity",
    "mean_concave_points",
    "mean_symmetry",
    "mean_fractal_dimension",
    "radius_error",
    "texture_error",
    "perimeter_error",
    "area_error",
    "smoothness_error",
    "compactness_error",
    "concavity_error",
    "concave_points_error",
    "symmetry_error",
    "fractal_dimension_error",
    "worst_radius",
    "worst_texture",
    "worst_perimeter",
    "worst_area",
    "worst_smoothness",
    "worst_compactness",
    "worst_concavity",
    "worst_concave_points",
    "worst_symmetry",
    "worst_fractal_dimension"
  ],
  "scaler_mean": [
    14.127291739894552,
    19.289648506151142,
    91.96903339191564,
    654.8891036906855,
    0.0963602811950791,
    0.10434098418277679,
    0.0887993158172232,
    0.04891914586994728,
    0.18116186291739894,
    0.06279760984182776,
    0.40517205623901575,
    1.2168534270650264,
    2.8660592267135327,
    40.337079086116,
    0.007040978910369069,
    0.025478138840070295,
    0.03189371634446397,
    0.011796137082601054,
    0.02054229876977153,
    0.0037949038664323374,
    16.269189806678387,
    25.677223198594024,
    107.26121265377857,
    880.5831282952548,
    0.13236859402460457,
    0.25426504393673116,
    0.27218848330404216,
    0.11460622319859401,
    0.2900755711775044,
    0.0839458172231986
  ],
  "scaler_scale": [
    3.520950760711062,
    4.297254637090421,
    24.27761929305318,
    351.60475406323,
    0.014051764066591203,
    0.05276632912535515,
    0.07964972534603185,
    0.03876873246147477,
    0.027390180864268532,
    0.007054155881537345,
    0.27706894152536526,
    0.551163426903576,
    2.0200770991455244,
    45.45101341563996,
    0.0029998783671144756,
    0.01789243586828196,
    0.030159523121970472,
    0.006164860746471701,
    0.008259104387588135,
    0.0026437447504047374,
    4.828992576060772,
    6.1408543185890005,
    33.57300156682593,
    568.8564589532671,
    0.022812356935544644,
    0.15719817109455372,
    0.20844087461170602,
    0.06567455451119314,
    0.06181307854455481,
    0.01804538930859499
  ],
  "bin_edges_mean_radius": [
    11.7,
    13.37,
    15.78
  ],
  "coef": [
    -0.478316075308629,
    -0.5335236099209325,
    -0.4427281646533816,
    -0.5270117506510681,
    -0.22738197454983267,
    0.6679870892709614,
    -0.5889344591357877,
    -0.6514745326214171,
    -0.18488908342003726,
    0.15041254619919395,
    -1.1245698602960124,
    0.20844303318372484,
    -0.5968645576140794,
    -0.9012240001949807,
    -0.18356483214269753,
    0.6205610480278686,
    0.11922563870055276,
    -0.4222823647007478,
    0.3752828708658089,
    0.46253915027245307,
    -0.9223631922148644,
    -1.2410509995835692,
    -0.7410880662620948,
    -0.9347235683369112,
    -0.8060368657395559,
    0.07060761447639181,
    -0.8407314310967178,
    -0.9119622989170023,
    -0.9043534405076977,
    -0.15541061690096944,
    0.646726274811284,
    -0.19030479773826203,
    -0.14322016602890372,
    -0.3130814520035498
  ],
  "intercept": 0.28484243679227095,
  "threshold": 0.5
}