{
  "accuracy": 0.9824561403508771,
  "f1": 0.9861111111111112,
  "roc_auc": 0.9950396825396826
}